time,label,accept,page,status,x_cache,placement,colo,appconnect_ms,ttfb_ms,total_ms,server_ms,bytes,db_count,db_total,db_first,db_last,render,cache_hit,cache_miss,server_timing
2026-10-06T08:24:56Z,astro6-gentle,browser,/category/technologia,200,MISS,remote-WAW,HAM,204.9,411.8,416.7,206.9,28488,8.0,303.0,0.0,80.0,80.0,2.0,6.0,"rt;dur=0;desc=""Runtime init"", render;dur=80;desc=""Page render"", mw;dur=80;desc=""Total middleware"", db.total;dur=303;desc=""DB total"", db.count;dur=8;desc=""Query count"", db.first;dur=0;desc=""First query at"", db.last;dur=80;desc=""Last query at"", cache.hit;dur=2;desc=""Cache hits"", cache.miss;dur=6;desc=""Cache misses"" | D1_layout;dur=71.0;desc=""D1:layout"", D1_term+posts;dur=80.0;desc=""D1:term+posts"", total;dur=80.0;desc=""total"" | cfEdge;dur=155,cfOrigin;dur=0"
2026-10-06T08:25:00Z,astro6-gentle,browser,/posts/,200,MISS,remote-WAW,HAM,212.8,1782.0,1786.6,1569.2,37269,15.0,670.0,0.0,442.0,304.0,2.0,6.0,"setup;dur=57;desc=""Setup probe"", rt;dur=81;desc=""Runtime init"", rt.db;dur=32;desc=""DB init + migration policy"", rt.secrets;dur=0;desc=""Validate encryption key"", rt.plugins;dur=25;desc=""Plugin states"", rt.seedcheck;dur=25;desc=""Auto-seed gate"", rt.site;dur=25;desc=""Site info options"", rt.sandbox;dur=0;desc=""Sandboxed plugins"", rt.hooks;dur=24;desc=""Exclusive hook resolution"", rt.cron;dur=0;desc=""Cron init (recovery deferred post-response)"", render;dur=304;desc=""Page render"", mw;dur=442;desc=""Total middleware"", db.total;dur=670;desc=""DB total"", db.count;dur=15;desc=""Query count"", db.first;dur=0;desc=""First query at"", db.last;dur=442;desc=""Last query at"", cache.hit;dur=2;desc=""Cache hits"", cache.miss;dur=6;desc=""Cache misses"" | D1_layout;dur=108.0;desc=""D1:layout"", D1_posts;dur=226.0;desc=""D1:posts"", D1_all-tags;dur=26.0;desc=""D1:all-tags"", total;dur=280.0;desc=""total"" | cfEdge;dur=1441,cfOrigin;dur=0"
2026-10-06T08:25:03Z,astro6-gentle,browser,/,200,MISS,remote-WAW,HAM,286.7,1656.4,1675.2,1369.7,30130,15.0,611.0,0.0,387.0,260.0,2.0,6.0,"setup;dur=55;desc=""Setup probe"", rt;dur=72;desc=""Runtime init"", rt.db;dur=23;desc=""DB init + migration policy"", rt.secrets;dur=0;desc=""Validate encryption key"", rt.plugins;dur=27;desc=""Plugin states"", rt.seedcheck;dur=27;desc=""Auto-seed gate"", rt.site;dur=27;desc=""Site info options"", rt.sandbox;dur=0;desc=""Sandboxed plugins"", rt.hooks;dur=22;desc=""Exclusive hook resolution"", rt.cron;dur=0;desc=""Cron init (recovery deferred post-response)"", render;dur=260;desc=""Page render"", mw;dur=387;desc=""Total middleware"", db.total;dur=611;desc=""DB total"", db.count;dur=15;desc=""Query count"", db.first;dur=0;desc=""First query at"", db.last;dur=387;desc=""Last query at"", cache.hit;dur=2;desc=""Cache hits"", cache.miss;dur=6;desc=""Cache misses"" | D1_layout;dur=103.0;desc=""D1:layout"", D1_posts;dur=174.0;desc=""D1:posts"", D1_all-tags;dur=34.0;desc=""D1:all-tags"", total;dur=233.0;desc=""total"" | cfEdge;dur=1332,cfOrigin;dur=0"
2026-10-06T08:25:05Z,astro6-gentle,browser,/posts/architektura-emdash-typescript-astro,200,MISS,remote-WAW,HAM,117.8,346.8,402.6,229.0,33513,7.0,261.0,0.0,86.0,86.0,6.0,7.0,"rt;dur=0;desc=""Runtime init"", render;dur=86;desc=""Page render"", mw;dur=86;desc=""Total middleware"", db.total;dur=261;desc=""DB total"", db.count;dur=7;desc=""Query count"", db.first;dur=0;desc=""First query at"", db.last;dur=86;desc=""Last query at"", cache.hit;dur=6;desc=""Cache hits"", cache.miss;dur=7;desc=""Cache misses"" | D1_entry+recent;dur=63.0;desc=""D1:entry+recent"", D1_layout;dur=63.0;desc=""D1:layout"", D1_tags;dur=23.0;desc=""D1:tags"", total;dur=86.0;desc=""total"" | cfEdge;dur=178,cfOrigin;dur=0"
2026-10-06T08:25:07Z,astro6-gentle,browser,/posts/architektura-emdash-typescript-astro,200,MISS,remote-WAW,HAM,102.4,338.6,397.8,236.2,33489,6.0,249.0,0.0,95.0,95.0,6.0,7.0,"rt;dur=0;desc=""Runtime init"", render;dur=95;desc=""Page render"", mw;dur=95;desc=""Total middleware"", db.total;dur=249;desc=""DB total"", db.count;dur=6;desc=""Query count"", db.first;dur=0;desc=""First query at"", db.last;dur=95;desc=""Last query at"", cache.hit;dur=6;desc=""Cache hits"", cache.miss;dur=7;desc=""Cache misses"" | D1_entry+recent;dur=67.0;desc=""D1:entry+recent"", D1_layout;dur=67.0;desc=""D1:layout"", D1_tags;dur=28.0;desc=""D1:tags"", total;dur=95.0;desc=""total"" | cfEdge;dur=186,cfOrigin;dur=0"
2026-10-06T08:25:09Z,astro6-gentle,browser,/posts/,200,MISS,remote-WAW,HAM,198.8,409.7,418.1,210.9,37271,5.0,187.0,0.0,91.0,91.0,2.0,6.0,"rt;dur=0;desc=""Runtime init"", render;dur=91;desc=""Page render"", mw;dur=91;desc=""Total middleware"", db.total;dur=187;desc=""DB total"", db.count;dur=5;desc=""Query count"", db.first;dur=0;desc=""First query at"", db.last;dur=91;desc=""Last query at"", cache.hit;dur=2;desc=""Cache hits"", cache.miss;dur=6;desc=""Cache misses"" | D1_posts;dur=59.0;desc=""D1:posts"", D1_layout;dur=59.0;desc=""D1:layout"", D1_all-tags;dur=32.0;desc=""D1:all-tags"", total;dur=91.0;desc=""total"" | cfEdge;dur=157,cfOrigin;dur=0"
2026-10-06T08:25:11Z,astro6-gentle,browser,/,200,MISS,remote-WAW,HAM,107.6,501.1,508.0,393.5,30121,5.0,346.0,0.0,254.0,254.0,2.0,6.0,"rt;dur=0;desc=""Runtime init"", render;dur=254;desc=""Page render"", mw;dur=254;desc=""Total middleware"", db.total;dur=346;desc=""DB total"", db.count;dur=5;desc=""Query count"", db.first;dur=0;desc=""First query at"", db.last;dur=254;desc=""Last query at"", cache.hit;dur=2;desc=""Cache hits"", cache.miss;dur=6;desc=""Cache misses"" | D1_layout;dur=56.0;desc=""D1:layout"", D1_posts;dur=229.0;desc=""D1:posts"", D1_all-tags;dur=25.0;desc=""D1:all-tags"", total;dur=254.0;desc=""total"" | cfEdge;dur=335,cfOrigin;dur=0"
2026-10-06T08:25:13Z,astro6-gentle,browser,/category/technologia,200,MISS,remote-,HAM,113.2,386.1,387.3,272.9,28492,7.0,308.0,0.0,95.0,95.0,2.0,6.0,"rt;dur=0;desc=""Runtime init"", render;dur=95;desc=""Page render"", mw;dur=95;desc=""Total middleware"", db.total;dur=308;desc=""DB total"", db.count;dur=7;desc=""Query count"", db.first;dur=0;desc=""First query at"", db.last;dur=95;desc=""Last query at"", cache.hit;dur=2;desc=""Cache hits"", cache.miss;dur=6;desc=""Cache misses"" | D1_layout;dur=88.0;desc=""D1:layout"", D1_term+posts;dur=95.0;desc=""D1:term+posts"", total;dur=95.0;desc=""total"" | cfEdge;dur=163,cfOrigin;dur=0"
2026-10-06T08:25:15Z,astro6-gentle,browser,/category/technologia,200,MISS,remote-WAW,HAM,337.5,625.7,629.2,288.2,28500,7.0,254.0,0.0,73.0,73.0,2.0,6.0,"rt;dur=0;desc=""Runtime init"", render;dur=73;desc=""Page render"", mw;dur=73;desc=""Total middleware"", db.total;dur=254;desc=""DB total"", db.count;dur=7;desc=""Query count"", db.first;dur=0;desc=""First query at"", db.last;dur=73;desc=""Last query at"", cache.hit;dur=2;desc=""Cache hits"", cache.miss;dur=6;desc=""Cache misses"" | D1_layout;dur=71.0;desc=""D1:layout"", D1_term+posts;dur=73.0;desc=""D1:term+posts"", total;dur=73.0;desc=""total"" | cfEdge;dur=140,cfOrigin;dur=0"
2026-10-06T08:25:17Z,astro6-gentle,browser,/posts/architektura-emdash-typescript-astro,200,MISS,remote-,HAM,215.3,558.9,573.0,343.6,33490,6.0,298.0,0.0,184.0,184.0,6.0,7.0,"rt;dur=0;desc=""Runtime init"", render;dur=184;desc=""Page render"", mw;dur=184;desc=""Total middleware"", db.total;dur=298;desc=""DB total"", db.count;dur=6;desc=""Query count"", db.first;dur=0;desc=""First query at"", db.last;dur=184;desc=""Last query at"", cache.hit;dur=6;desc=""Cache hits"", cache.miss;dur=7;desc=""Cache misses"" | D1_layout;dur=48.0;desc=""D1:layout"", D1_entry+recent;dur=164.0;desc=""D1:entry+recent"", D1_tags;dur=20.0;desc=""D1:tags"", total;dur=184.0;desc=""total"" | cfEdge;dur=262,cfOrigin;dur=0"
2026-10-06T08:25:19Z,astro6-gentle,browser,/posts/,200,MISS,remote-,HAM,224.0,447.2,466.3,223.2,37271,5.0,155.0,0.0,79.0,79.0,2.0,6.0,"rt;dur=0;desc=""Runtime init"", render;dur=79;desc=""Page render"", mw;dur=79;desc=""Total middleware"", db.total;dur=155;desc=""DB total"", db.count;dur=5;desc=""Query count"", db.first;dur=0;desc=""First query at"", db.last;dur=79;desc=""Last query at"", cache.hit;dur=2;desc=""Cache hits"", cache.miss;dur=6;desc=""Cache misses"" | D1_posts;dur=56.0;desc=""D1:posts"", D1_layout;dur=56.0;desc=""D1:layout"", D1_all-tags;dur=23.0;desc=""D1:all-tags"", total;dur=79.0;desc=""total"" | cfEdge;dur=157,cfOrigin;dur=0"
2026-10-06T08:25:21Z,astro6-gentle,browser,/,200,MISS,remote-,HAM,110.8,514.2,528.5,403.4,30121,5.0,380.0,0.0,271.0,271.0,2.0,6.0,"rt;dur=0;desc=""Runtime init"", render;dur=271;desc=""Page render"", mw;dur=271;desc=""Total middleware"", db.total;dur=380;desc=""DB total"", db.count;dur=5;desc=""Query count"", db.first;dur=0;desc=""First query at"", db.last;dur=271;desc=""Last query at"", cache.hit;dur=2;desc=""Cache hits"", cache.miss;dur=6;desc=""Cache misses"" | D1_layout;dur=66.0;desc=""D1:layout"", D1_posts;dur=244.0;desc=""D1:posts"", D1_all-tags;dur=27.0;desc=""D1:all-tags"", total;dur=271.0;desc=""total"" | cfEdge;dur=350,cfOrigin;dur=0"
2026-10-06T08:25:23Z,astro6-gentle,browser,/,200,MISS,remote-WAW,HAM,100.0,388.8,389.8,288.8,30128,5.0,180.0,0.0,97.0,97.0,2.0,6.0,"rt;dur=0;desc=""Runtime init"", render;dur=97;desc=""Page render"", mw;dur=97;desc=""Total middleware"", db.total;dur=180;desc=""DB total"", db.count;dur=5;desc=""Query count"", db.first;dur=0;desc=""First query at"", db.last;dur=97;desc=""Last query at"", cache.hit;dur=2;desc=""Cache hits"", cache.miss;dur=6;desc=""Cache misses"" | D1_posts;dur=68.0;desc=""D1:posts"", D1_layout;dur=68.0;desc=""D1:layout"", D1_all-tags;dur=29.0;desc=""D1:all-tags"", total;dur=97.0;desc=""total"" | cfEdge;dur=160,cfOrigin;dur=0"
2026-10-06T08:25:25Z,astro6-gentle,browser,/posts/,200,MISS,remote-WAW,HAM,128.8,345.6,356.5,216.8,37279,5.0,177.0,0.0,85.0,85.0,2.0,6.0,"rt;dur=0;desc=""Runtime init"", render;dur=85;desc=""Page render"", mw;dur=85;desc=""Total middleware"", db.total;dur=177;desc=""DB total"", db.count;dur=5;desc=""Query count"", db.first;dur=0;desc=""First query at"", db.last;dur=85;desc=""Last query at"", cache.hit;dur=2;desc=""Cache hits"", cache.miss;dur=6;desc=""Cache misses"" | D1_posts;dur=58.0;desc=""D1:posts"", D1_layout;dur=58.0;desc=""D1:layout"", D1_all-tags;dur=27.0;desc=""D1:all-tags"", total;dur=85.0;desc=""total"" | cfEdge;dur=159,cfOrigin;dur=0"
2026-10-06T08:25:27Z,astro6-gentle,browser,/category/technologia,200,MISS,remote-,HAM,84.7,305.8,307.3,221.1,28488,8.0,335.0,0.0,87.0,87.0,2.0,6.0,"rt;dur=0;desc=""Runtime init"", render;dur=87;desc=""Page render"", mw;dur=87;desc=""Total middleware"", db.total;dur=335;desc=""DB total"", db.count;dur=8;desc=""Query count"", db.first;dur=0;desc=""First query at"", db.last;dur=87;desc=""Last query at"", cache.hit;dur=2;desc=""Cache hits"", cache.miss;dur=6;desc=""Cache misses"" | D1_layout;dur=63.0;desc=""D1:layout"", D1_term+posts;dur=87.0;desc=""D1:term+posts"", total;dur=87.0;desc=""total"" | cfEdge;dur=176,cfOrigin;dur=0"
2026-10-06T08:25:29Z,astro6-gentle,browser,/posts/architektura-emdash-typescript-astro,200,MISS,remote-WAW,HAM,97.5,309.1,381.3,211.6,33501,6.0,212.0,0.0,91.0,91.0,6.0,7.0,"rt;dur=0;desc=""Runtime init"", render;dur=91;desc=""Page render"", mw;dur=91;desc=""Total middleware"", db.total;dur=212;desc=""DB total"", db.count;dur=6;desc=""Query count"", db.first;dur=0;desc=""First query at"", db.last;dur=91;desc=""Last query at"", cache.hit;dur=6;desc=""Cache hits"", cache.miss;dur=7;desc=""Cache misses"" | D1_entry+recent;dur=59.0;desc=""D1:entry+recent"", D1_layout;dur=59.0;desc=""D1:layout"", D1_tags;dur=32.0;desc=""D1:tags"", total;dur=91.0;desc=""total"" | cfEdge;dur=156,cfOrigin;dur=0"
2026-10-06T08:25:31Z,astro6-gentle,browser,/,200,MISS,remote-,HAM,294.3,493.9,597.8,199.6,30124,5.0,180.0,0.0,96.0,96.0,2.0,6.0,"rt;dur=0;desc=""Runtime init"", render;dur=96;desc=""Page render"", mw;dur=96;desc=""Total middleware"", db.total;dur=180;desc=""DB total"", db.count;dur=5;desc=""Query count"", db.first;dur=0;desc=""First query at"", db.last;dur=96;desc=""Last query at"", cache.hit;dur=2;desc=""Cache hits"", cache.miss;dur=6;desc=""Cache misses"" | D1_posts;dur=60.0;desc=""D1:posts"", D1_layout;dur=60.0;desc=""D1:layout"", D1_all-tags;dur=36.0;desc=""D1:all-tags"", total;dur=96.0;desc=""total"" | cfEdge;dur=157,cfOrigin;dur=0"
2026-10-06T08:25:33Z,astro6-gentle,browser,/posts/architektura-emdash-typescript-astro,200,MISS,remote-WAW,HAM,289.4,569.0,739.3,279.6,33485,6.0,177.0,0.0,76.0,76.0,6.0,7.0,"rt;dur=0;desc=""Runtime init"", render;dur=76;desc=""Page render"", mw;dur=76;desc=""Total middleware"", db.total;dur=177;desc=""DB total"", db.count;dur=6;desc=""Query count"", db.first;dur=0;desc=""First query at"", db.last;dur=76;desc=""Last query at"", cache.hit;dur=6;desc=""Cache hits"", cache.miss;dur=7;desc=""Cache misses"" | D1_entry+recent;dur=50.0;desc=""D1:entry+recent"", D1_layout;dur=50.0;desc=""D1:layout"", D1_tags;dur=26.0;desc=""D1:tags"", total;dur=76.0;desc=""total"" | cfEdge;dur=153,cfOrigin;dur=0"
2026-10-06T08:25:35Z,astro6-gentle,browser,/category/technologia,200,MISS,remote-WAW,HAM,135.5,381.4,382.5,245.9,28484,8.0,291.0,0.0,92.0,92.0,2.0,6.0,"rt;dur=0;desc=""Runtime init"", render;dur=92;desc=""Page render"", mw;dur=92;desc=""Total middleware"", db.total;dur=291;desc=""DB total"", db.count;dur=8;desc=""Query count"", db.first;dur=0;desc=""First query at"", db.last;dur=92;desc=""Last query at"", cache.hit;dur=2;desc=""Cache hits"", cache.miss;dur=6;desc=""Cache misses"" | D1_layout;dur=66.0;desc=""D1:layout"", D1_term+posts;dur=92.0;desc=""D1:term+posts"", total;dur=92.0;desc=""total"" | cfEdge;dur=169,cfOrigin;dur=0"
2026-10-06T08:25:37Z,astro6-gentle,browser,/posts/,200,MISS,remote-,HAM,164.7,378.1,388.7,213.4,37263,5.0,181.0,0.0,90.0,90.0,2.0,6.0,"rt;dur=0;desc=""Runtime init"", render;dur=90;desc=""Page render"", mw;dur=90;desc=""Total middleware"", db.total;dur=181;desc=""DB total"", db.count;dur=5;desc=""Query count"", db.first;dur=0;desc=""First query at"", db.last;dur=90;desc=""Last query at"", cache.hit;dur=2;desc=""Cache hits"", cache.miss;dur=6;desc=""Cache misses"" | D1_posts;dur=64.0;desc=""D1:posts"", D1_layout;dur=64.0;desc=""D1:layout"", D1_all-tags;dur=26.0;desc=""D1:all-tags"", total;dur=90.0;desc=""total"" | cfEdge;dur=164,cfOrigin;dur=0"
2026-10-06T08:25:39Z,astro6-gentle,browser,/,200,MISS,remote-WAW,HAM,159.6,360.2,361.2,200.6,30128,5.0,138.0,0.0,71.0,71.0,2.0,6.0,"rt;dur=0;desc=""Runtime init"", render;dur=71;desc=""Page render"", mw;dur=71;desc=""Total middleware"", db.total;dur=138;desc=""DB total"", db.count;dur=5;desc=""Query count"", db.first;dur=0;desc=""First query at"", db.last;dur=71;desc=""Last query at"", cache.hit;dur=2;desc=""Cache hits"", cache.miss;dur=6;desc=""Cache misses"" | D1_layout;dur=41.0;desc=""D1:layout"", D1_posts;dur=46.0;desc=""D1:posts"", D1_all-tags;dur=25.0;desc=""D1:all-tags"", total;dur=71.0;desc=""total"" | cfEdge;dur=144,cfOrigin;dur=0"
2026-10-06T08:25:41Z,astro6-gentle,browser,/posts/architektura-emdash-typescript-astro,200,MISS,remote-WAW,HAM,112.7,347.8,414.4,235.1,33497,6.0,270.0,0.0,105.0,105.0,6.0,7.0,"rt;dur=0;desc=""Runtime init"", render;dur=105;desc=""Page render"", mw;dur=105;desc=""Total middleware"", db.total;dur=270;desc=""DB total"", db.count;dur=6;desc=""Query count"", db.first;dur=0;desc=""First query at"", db.last;dur=105;desc=""Last query at"", cache.hit;dur=6;desc=""Cache hits"", cache.miss;dur=7;desc=""Cache misses"" | D1_entry+recent;dur=79.0;desc=""D1:entry+recent"", D1_layout;dur=79.0;desc=""D1:layout"", D1_tags;dur=26.0;desc=""D1:tags"", total;dur=105.0;desc=""total"" | cfEdge;dur=173,cfOrigin;dur=0"
2026-10-06T08:25:43Z,astro6-gentle,browser,/posts/,200,MISS,remote-WAW,HAM,123.9,330.1,347.2,206.2,37279,5.0,149.0,0.0,75.0,75.0,2.0,6.0,"rt;dur=0;desc=""Runtime init"", render;dur=75;desc=""Page render"", mw;dur=75;desc=""Total middleware"", db.total;dur=149;desc=""DB total"", db.count;dur=5;desc=""Query count"", db.first;dur=0;desc=""First query at"", db.last;dur=75;desc=""Last query at"", cache.hit;dur=2;desc=""Cache hits"", cache.miss;dur=6;desc=""Cache misses"" | D1_posts;dur=53.0;desc=""D1:posts"", D1_layout;dur=53.0;desc=""D1:layout"", D1_all-tags;dur=22.0;desc=""D1:all-tags"", total;dur=75.0;desc=""total"" | cfEdge;dur=159,cfOrigin;dur=0"
2026-10-06T08:25:45Z,astro6-gentle,browser,/category/technologia,200,MISS,remote-WAW,HAM,178.2,380.7,395.7,202.5,28496,7.0,271.0,0.0,83.0,83.0,2.0,6.0,"rt;dur=0;desc=""Runtime init"", render;dur=83;desc=""Page render"", mw;dur=83;desc=""Total middleware"", db.total;dur=271;desc=""DB total"", db.count;dur=7;desc=""Query count"", db.first;dur=0;desc=""First query at"", db.last;dur=83;desc=""Last query at"", cache.hit;dur=2;desc=""Cache hits"", cache.miss;dur=6;desc=""Cache misses"" | D1_layout;dur=81.0;desc=""D1:layout"", D1_term+posts;dur=83.0;desc=""D1:term+posts"", total;dur=83.0;desc=""total"" | cfEdge;dur=152,cfOrigin;dur=0"
2026-10-06T08:25:47Z,astro6-gentle,browser,/category/technologia,200,MISS,remote-WAW,HAM,360.2,739.3,746.2,379.1,28492,7.0,228.0,0.0,67.0,67.0,2.0,6.0,"rt;dur=0;desc=""Runtime init"", render;dur=67;desc=""Page render"", mw;dur=67;desc=""Total middleware"", db.total;dur=228;desc=""DB total"", db.count;dur=7;desc=""Query count"", db.first;dur=0;desc=""First query at"", db.last;dur=67;desc=""Last query at"", cache.hit;dur=2;desc=""Cache hits"", cache.miss;dur=6;desc=""Cache misses"" | D1_term+posts;dur=67.0;desc=""D1:term+posts"", D1_layout;dur=67.0;desc=""D1:layout"", total;dur=67.0;desc=""total"" | cfEdge;dur=136,cfOrigin;dur=0"
2026-10-06T08:25:50Z,astro6-gentle,browser,/posts/architektura-emdash-typescript-astro,200,MISS,remote-,HAM,403.2,750.4,752.6,347.2,33497,6.0,245.0,0.0,99.0,99.0,6.0,7.0,"rt;dur=0;desc=""Runtime init"", render;dur=99;desc=""Page render"", mw;dur=99;desc=""Total middleware"", db.total;dur=245;desc=""DB total"", db.count;dur=6;desc=""Query count"", db.first;dur=0;desc=""First query at"", db.last;dur=99;desc=""Last query at"", cache.hit;dur=6;desc=""Cache hits"", cache.miss;dur=7;desc=""Cache misses"" | D1_entry+recent;dur=70.0;desc=""D1:entry+recent"", D1_layout;dur=70.0;desc=""D1:layout"", D1_tags;dur=29.0;desc=""D1:tags"", total;dur=99.0;desc=""total"" | cfEdge;dur=189,cfOrigin;dur=0"
2026-10-06T08:25:52Z,astro6-gentle,browser,/posts/,200,MISS,remote-WAW,HAM,277.2,563.7,564.6,286.5,37279,5.0,149.0,0.0,74.0,74.0,2.0,6.0,"rt;dur=0;desc=""Runtime init"", render;dur=74;desc=""Page render"", mw;dur=74;desc=""Total middleware"", db.total;dur=149;desc=""DB total"", db.count;dur=5;desc=""Query count"", db.first;dur=0;desc=""First query at"", db.last;dur=74;desc=""Last query at"", cache.hit;dur=2;desc=""Cache hits"", cache.miss;dur=6;desc=""Cache misses"" | D1_posts;dur=52.0;desc=""D1:posts"", D1_layout;dur=52.0;desc=""D1:layout"", D1_all-tags;dur=22.0;desc=""D1:all-tags"", total;dur=74.0;desc=""total"" | cfEdge;dur=152,cfOrigin;dur=0"
2026-10-06T08:25:54Z,astro6-gentle,browser,/,200,MISS,remote-WAW,HAM,105.5,280.1,302.5,174.6,30124,5.0,136.0,0.0,65.0,65.0,2.0,6.0,"rt;dur=0;desc=""Runtime init"", render;dur=65;desc=""Page render"", mw;dur=65;desc=""Total middleware"", db.total;dur=136;desc=""DB total"", db.count;dur=5;desc=""Query count"", db.first;dur=0;desc=""First query at"", db.last;dur=65;desc=""Last query at"", cache.hit;dur=2;desc=""Cache hits"", cache.miss;dur=6;desc=""Cache misses"" | D1_layout;dur=42.0;desc=""D1:layout"", D1_posts;dur=43.0;desc=""D1:posts"", D1_all-tags;dur=22.0;desc=""D1:all-tags"", total;dur=65.0;desc=""total"" | cfEdge;dur=134,cfOrigin;dur=0"
2026-10-06T08:25:56Z,astro6-gentle,browser,/posts/architektura-emdash-typescript-astro,200,MISS,remote-WAW,HAM,105.1,290.2,442.4,185.1,33485,6.0,186.0,0.0,74.0,74.0,6.0,7.0,"rt;dur=0;desc=""Runtime init"", render;dur=74;desc=""Page render"", mw;dur=74;desc=""Total middleware"", db.total;dur=186;desc=""DB total"", db.count;dur=6;desc=""Query count"", db.first;dur=0;desc=""First query at"", db.last;dur=74;desc=""Last query at"", cache.hit;dur=6;desc=""Cache hits"", cache.miss;dur=7;desc=""Cache misses"" | D1_entry+recent;dur=50.0;desc=""D1:entry+recent"", D1_layout;dur=50.0;desc=""D1:layout"", D1_tags;dur=24.0;desc=""D1:tags"", total;dur=74.0;desc=""total"" | cfEdge;dur=148,cfOrigin;dur=0"
2026-10-06T08:25:58Z,astro6-gentle,browser,/category/technologia,200,MISS,remote-WAW,HAM,124.4,322.9,329.1,198.5,28492,7.0,229.0,0.0,66.0,66.0,2.0,6.0,"rt;dur=0;desc=""Runtime init"", render;dur=66;desc=""Page render"", mw;dur=66;desc=""Total middleware"", db.total;dur=229;desc=""DB total"", db.count;dur=7;desc=""Query count"", db.first;dur=0;desc=""First query at"", db.last;dur=66;desc=""Last query at"", cache.hit;dur=2;desc=""Cache hits"", cache.miss;dur=6;desc=""Cache misses"" | D1_layout;dur=65.0;desc=""D1:layout"", D1_term+posts;dur=66.0;desc=""D1:term+posts"", total;dur=66.0;desc=""total"" | cfEdge;dur=150,cfOrigin;dur=0"
2026-10-06T08:26:00Z,astro6-gentle,browser,/,200,MISS,remote-,HAM,91.0,278.6,282.0,187.6,30132,5.0,152.0,0.0,76.0,76.0,2.0,6.0,"rt;dur=0;desc=""Runtime init"", render;dur=76;desc=""Page render"", mw;dur=76;desc=""Total middleware"", db.total;dur=152;desc=""DB total"", db.count;dur=5;desc=""Query count"", db.first;dur=0;desc=""First query at"", db.last;dur=76;desc=""Last query at"", cache.hit;dur=2;desc=""Cache hits"", cache.miss;dur=6;desc=""Cache misses"" | D1_posts;dur=53.0;desc=""D1:posts"", D1_layout;dur=53.0;desc=""D1:layout"", D1_all-tags;dur=23.0;desc=""D1:all-tags"", total;dur=76.0;desc=""total"" | cfEdge;dur=142,cfOrigin;dur=0"
2026-10-06T08:26:01Z,astro6-gentle,browser,/posts/,200,MISS,remote-WAW,HAM,110.1,338.2,345.2,228.1,37279,5.0,171.0,0.0,101.0,101.0,2.0,6.0,"rt;dur=0;desc=""Runtime init"", render;dur=101;desc=""Page render"", mw;dur=101;desc=""Total middleware"", db.total;dur=171;desc=""DB total"", db.count;dur=5;desc=""Query count"", db.first;dur=0;desc=""First query at"", db.last;dur=101;desc=""Last query at"", cache.hit;dur=2;desc=""Cache hits"", cache.miss;dur=6;desc=""Cache misses"" | D1_layout;dur=46.0;desc=""D1:layout"", D1_posts;dur=81.0;desc=""D1:posts"", D1_all-tags;dur=20.0;desc=""D1:all-tags"", total;dur=101.0;desc=""total"" | cfEdge;dur=184,cfOrigin;dur=0"
2026-10-06T08:26:03Z,astro6-gentle,browser,/posts/,200,MISS,remote-WAW,HAM,178.1,411.5,418.4,233.4,37279,6.0,258.0,0.0,108.0,108.0,2.0,6.0,"rt;dur=0;desc=""Runtime init"", render;dur=108;desc=""Page render"", mw;dur=108;desc=""Total middleware"", db.total;dur=258;desc=""DB total"", db.count;dur=6;desc=""Query count"", db.first;dur=0;desc=""First query at"", db.last;dur=108;desc=""Last query at"", cache.hit;dur=2;desc=""Cache hits"", cache.miss;dur=6;desc=""Cache misses"" | D1_posts;dur=75.0;desc=""D1:posts"", D1_layout;dur=75.0;desc=""D1:layout"", D1_all-tags;dur=33.0;desc=""D1:all-tags"", total;dur=108.0;desc=""total"" | cfEdge;dur=175,cfOrigin;dur=0"
2026-10-06T08:26:06Z,astro6-gentle,browser,/posts/architektura-emdash-typescript-astro,200,MISS,remote-WAW,HAM,184.6,472.5,533.1,287.9,33497,6.0,226.0,0.0,85.0,85.0,6.0,7.0,"rt;dur=0;desc=""Runtime init"", render;dur=85;desc=""Page render"", mw;dur=85;desc=""Total middleware"", db.total;dur=226;desc=""DB total"", db.count;dur=6;desc=""Query count"", db.first;dur=0;desc=""First query at"", db.last;dur=85;desc=""Last query at"", cache.hit;dur=6;desc=""Cache hits"", cache.miss;dur=7;desc=""Cache misses"" | D1_entry+recent;dur=63.0;desc=""D1:entry+recent"", D1_layout;dur=63.0;desc=""D1:layout"", D1_tags;dur=22.0;desc=""D1:tags"", total;dur=85.0;desc=""total"" | cfEdge;dur=152,cfOrigin;dur=0"
2026-10-06T08:26:08Z,astro6-gentle,browser,/,200,MISS,remote-WAW,HAM,314.7,528.0,530.6,213.3,30120,5.0,209.0,0.0,102.0,102.0,2.0,6.0,"rt;dur=0;desc=""Runtime init"", render;dur=102;desc=""Page render"", mw;dur=102;desc=""Total middleware"", db.total;dur=209;desc=""DB total"", db.count;dur=5;desc=""Query count"", db.first;dur=0;desc=""First query at"", db.last;dur=102;desc=""Last query at"", cache.hit;dur=2;desc=""Cache hits"", cache.miss;dur=6;desc=""Cache misses"" | D1_posts;dur=71.0;desc=""D1:posts"", D1_layout;dur=71.0;desc=""D1:layout"", D1_all-tags;dur=31.0;desc=""D1:all-tags"", total;dur=102.0;desc=""total"" | cfEdge;dur=169,cfOrigin;dur=0"
2026-10-06T08:26:09Z,astro6-gentle,browser,/category/technologia,200,MISS,remote-WAW,HAM,102.8,349.4,352.1,246.6,28492,7.0,249.0,0.0,71.0,71.0,2.0,6.0,"rt;dur=0;desc=""Runtime init"", render;dur=71;desc=""Page render"", mw;dur=71;desc=""Total middleware"", db.total;dur=249;desc=""DB total"", db.count;dur=7;desc=""Query count"", db.first;dur=0;desc=""First query at"", db.last;dur=71;desc=""Last query at"", cache.hit;dur=2;desc=""Cache hits"", cache.miss;dur=6;desc=""Cache misses"" | D1_layout;dur=70.0;desc=""D1:layout"", D1_term+posts;dur=71.0;desc=""D1:term+posts"", total;dur=71.0;desc=""total"" | cfEdge;dur=126,cfOrigin;dur=0"
2026-10-06T08:26:12Z,astro6-gentle,browser,/,200,MISS,remote-,HAM,99.5,300.4,443.8,200.9,30120,6.0,204.0,0.0,82.0,82.0,2.0,6.0,"rt;dur=0;desc=""Runtime init"", render;dur=82;desc=""Page render"", mw;dur=82;desc=""Total middleware"", db.total;dur=204;desc=""DB total"", db.count;dur=6;desc=""Query count"", db.first;dur=0;desc=""First query at"", db.last;dur=82;desc=""Last query at"", cache.hit;dur=2;desc=""Cache hits"", cache.miss;dur=6;desc=""Cache misses"" | D1_posts;dur=52.0;desc=""D1:posts"", D1_layout;dur=52.0;desc=""D1:layout"", D1_all-tags;dur=30.0;desc=""D1:all-tags"", total;dur=82.0;desc=""total"" | cfEdge;dur=150,cfOrigin;dur=0"
2026-10-06T08:26:13Z,astro6-gentle,browser,/category/technologia,200,MISS,remote-WAW,HAM,145.1,362.1,366.8,217.0,28484,7.0,273.0,0.0,77.0,77.0,2.0,6.0,"rt;dur=0;desc=""Runtime init"", render;dur=77;desc=""Page render"", mw;dur=77;desc=""Total middleware"", db.total;dur=273;desc=""DB total"", db.count;dur=7;desc=""Query count"", db.first;dur=0;desc=""First query at"", db.last;dur=77;desc=""Last query at"", cache.hit;dur=2;desc=""Cache hits"", cache.miss;dur=6;desc=""Cache misses"" | D1_term+posts;dur=77.0;desc=""D1:term+posts"", D1_layout;dur=77.0;desc=""D1:layout"", total;dur=77.0;desc=""total"" | cfEdge;dur=144,cfOrigin;dur=0"
2026-10-06T08:26:15Z,astro6-gentle,browser,/posts/,200,MISS,remote-WAW,HAM,104.8,338.3,345.4,233.5,37267,5.0,191.0,0.0,101.0,101.0,2.0,6.0,"rt;dur=0;desc=""Runtime init"", render;dur=101;desc=""Page render"", mw;dur=101;desc=""Total middleware"", db.total;dur=191;desc=""DB total"", db.count;dur=5;desc=""Query count"", db.first;dur=0;desc=""First query at"", db.last;dur=101;desc=""Last query at"", cache.hit;dur=2;desc=""Cache hits"", cache.miss;dur=6;desc=""Cache misses"" | D1_posts;dur=69.0;desc=""D1:posts"", D1_layout;dur=69.0;desc=""D1:layout"", D1_all-tags;dur=32.0;desc=""D1:all-tags"", total;dur=101.0;desc=""total"" | cfEdge;dur=180,cfOrigin;dur=0"
2026-10-06T08:26:17Z,astro6-gentle,browser,/posts/architektura-emdash-typescript-astro,200,MISS,remote-WAW,HAM,80.0,282.9,331.9,202.9,33493,6.0,195.0,0.0,84.0,84.0,6.0,7.0,"rt;dur=0;desc=""Runtime init"", render;dur=84;desc=""Page render"", mw;dur=84;desc=""Total middleware"", db.total;dur=195;desc=""DB total"", db.count;dur=6;desc=""Query count"", db.first;dur=0;desc=""First query at"", db.last;dur=84;desc=""Last query at"", cache.hit;dur=6;desc=""Cache hits"", cache.miss;dur=7;desc=""Cache misses"" | D1_layout;dur=43.0;desc=""D1:layout"", D1_entry+recent;dur=51.0;desc=""D1:entry+recent"", D1_tags;dur=33.0;desc=""D1:tags"", total;dur=84.0;desc=""total"" | cfEdge;dur=160,cfOrigin;dur=0"
